id,order
1,"Scenario 1,Scenario 2,Scenario 5,Scenario 3,Scenario 4"
2,"Scenario 5,Scenario 4,Scenario 1,Scenario 3,Scenario 2"
3,"Scenario 3,Scenario 4,Scenario 2,Scenario 5,Scenario 1"
4,"Scenario 2,Scenario 1,Scenario 3,Scenario 5,Scenario 4"
5,"Scenario 5,Scenario 1,Scenario 4,Scenario 2,Scenario 3"
6,"Scenario 4,Scenario 3,Scenario 5,Scenario 2,Scenario 1"
7,"Scenario 2,Scenario 3,Scenario 1,Scenario 4,Scenario 5"
8,"Scenario 1,Scenario 5,Scenario 2,Scenario 4,Scenario 3"
9,"Scenario 2,Scenario 1,Scenario 3,Scenario 5,Scenario 4"
10,"Scenario 3,Scenario 2,Scenario 4,Scenario 1,Scenario 5"
11,"Scenario 1,Scenario 2,Scenario 5,Scenario 3,Scenario 4"
12,"Scenario 5,Scenario 4,Scenario 1,Scenario 3,Scenario 2"
13,"Scenario 3,Scenario 4,Scenario 2,Scenario 5,Scenario 1"
14,"Scenario 2,Scenario 1,Scenario 3,Scenario 5,Scenario 4"
15,"Scenario 5,Scenario 1,Scenario 4,Scenario 2,Scenario 3"
16,"Scenario 4,Scenario 3,Scenario 5,Scenario 2,Scenario 1"
17,"Scenario 2,Scenario 3,Scenario 1,Scenario 4,Scenario 5"
18,"Scenario 1,Scenario 5,Scenario 2,Scenario 4,Scenario 3"
19,"Scenario 2,Scenario 1,Scenario 3,Scenario 5,Scenario 4"
20,"Scenario 3,Scenario 2,Scenario 4,Scenario 1,Scenario 5"
21,"Scenario 1,Scenario 2,Scenario 5,Scenario 3,Scenario 4"
22,"Scenario 5,Scenario 4,Scenario 1,Scenario 3,Scenario 2"
23,"Scenario 3,Scenario 4,Scenario 2,Scenario 5,Scenario 1"
24,"Scenario 2,Scenario 1,Scenario 3,Scenario 5,Scenario 4"
25,"Scenario 5,Scenario 1,Scenario 4,Scenario 2,Scenario 3"
26,"Scenario 4,Scenario 3,Scenario 5,Scenario 2,Scenario 1"
27,"Scenario 2,Scenario 3,Scenario 1,Scenario 4,Scenario 5"
28,"Scenario 1,Scenario 5,Scenario 2,Scenario 4,Scenario 3"
29,"Scenario 2,Scenario 1,Scenario 3,Scenario 5,Scenario 4"
30,"Scenario 3,Scenario 2,Scenario 4,Scenario 1,Scenario 5"
31,"Scenario 1,Scenario 2,Scenario 5,Scenario 3,Scenario 4"
32,"Scenario 5,Scenario 4,Scenario 1,Scenario 3,Scenario 2"
33,"Scenario 3,Scenario 4,Scenario 2,Scenario 5,Scenario 1"
34,"Scenario 2,Scenario 1,Scenario 3,Scenario 5,Scenario 4"
35,"Scenario 5,Scenario 1,Scenario 4,Scenario 2,Scenario 3"
36,"Scenario 4,Scenario 3,Scenario 5,Scenario 2,Scenario 1"
37,"Scenario 2,Scenario 3,Scenario 1,Scenario 4,Scenario 5"
38,"Scenario 1,Scenario 5,Scenario 2,Scenario 4,Scenario 3"
39,"Scenario 2,Scenario 1,Scenario 3,Scenario 5,Scenario 4"
40,"Scenario 3,Scenario 2,Scenario 4,Scenario 1,Scenario 5"






